employee_id,employee_name,department_name,latest_review_date,performance_rating,job_satisfaction,work_life_balance
1001,Vivaan Verma,Marketing,2025-11-28,1.0,3,1.0
1002,Divya Saxena,Marketing,2022-11-13,3.0,5,
1003,Kavya Iyer,Finance,2026-04-10,,2,5.0
1004,Preeti Sharma,Human Resources,2025-04-23,2.0,3,5.0
1005,Suresh Patel,Sales,2024-10-19,4.0,2,5.0
1006,Vikram Bansal,Research & Development,2024-12-12,3.0,4,5.0
1007,Gaurav Iyer,Sales,2025-04-16,4.0,5,4.0
1008,Riya Singh,Human Resources,2025-12-18,4.0,3,
1009,Sneha Gupta,Customer Support,2024-05-06,,2,1.0
1010,Shreya Malhotra,Customer Support,2025-01-30,,1,1.0
1011,Rahul Chopra,Human Resources,2024-07-19,5.0,2,1.0
1012,Rohan Kapoor,Human Resources,2025-02-02,2.0,5,1.0
1013,Vikram Nair,Human Resources,2024-09-13,3.0,2,2.0
1014,Amit Patel,Customer Support,2025-10-05,4.0,1,2.0
1015,Suresh Reddy,Marketing,2022-02-08,2.0,3,5.0
1016,Amit Patel,Human Resources,2025-09-28,4.0,4,3.0
1017,Preeti Mehta,Sales,2025-01-21,,4,5.0
1018,Suresh Malhotra,Human Resources,2026-12-12,1.0,1,3.0
1019,Ashok Tiwari,Finance,2026-08-24,4.0,3,1.0
1020,Sanjay Agarwal,IT,2025-07-08,3.0,2,4.0
1021,Sneha Kumar,Sales,2025-03-26,4.0,2,1.0
1022,Preeti Kapoor,Research & Development,2022-07-21,5.0,3,4.0
1023,Rahul Chopra,Research & Development,2026-10-19,,5,1.0
1024,Preeti Saxena,Marketing,2022-08-17,,4,1.0
1025,Manish Kumar,Customer Support,2024-09-02,5.0,5,1.0
1026,Sneha Gupta,Sales,2026-03-13,,4,4.0
1027,Sanjay Singh,Sales,2023-04-25,2.0,2,2.0
1028,Suresh Saxena,Operations,2022-03-12,2.0,1,2.0
1029,Nisha Malhotra,Finance,2022-10-08,1.0,5,1.0
1030,Preeti Sharma,Marketing,2025-07-14,3.0,5,3.0
1031,Kavita Saxena,IT,2021-02-26,2.0,1,5.0
1032,Pooja Reddy,Finance,2021-11-14,2.0,1,3.0
1033,Amit Bansal,Human Resources,2021-06-11,4.0,3,4.0
1034,Kirti Malhotra,Finance,2025-12-10,5.0,2,1.0
1035,Shreya Kapoor,Human Resources,2024-08-24,1.0,1,3.0
1036,Nisha Singh,Customer Support,2026-03-08,5.0,2,5.0
1037,Amit Tiwari,Sales,2024-09-18,4.0,2,4.0
1038,Shreya Chopra,Sales,2026-01-29,4.0,1,5.0
1039,Ananya Reddy,Finance,2026-07-22,5.0,3,1.0
1040,Ritu Nair,Operations,2023-09-03,3.0,5,3.0
1041,Kavya Kapoor,Customer Support,2023-07-12,3.0,2,5.0
1042,Kavya Bansal,Sales,2021-01-27,3.0,2,2.0
1043,Neha Mehta,Operations,2024-09-19,,3,2.0
1044,Sanjay Joshi,IT,2024-03-07,1.0,3,2.0
1045,Deepak Rao,Research & Development,2024-03-12,1.0,2,4.0
1046,Priya Chopra,Finance,2025-05-28,,3,3.0
1047,Aditya Verma,Finance,2025-03-03,4.0,3,4.0
1048,Shreya Mehta,Human Resources,2025-10-01,4.0,3,4.0
1049,Kirti Chopra,IT,2025-10-10,4.0,1,2.0
1050,Pooja Singh,Marketing,2026-12-24,,3,5.0
1051,Riya Kapoor,Customer Support,2024-07-25,3.0,1,3.0
1052,Rajesh Iyer,Research & Development,2025-12-14,2.0,4,1.0
1053,Rohan Joshi,Marketing,2026-08-18,3.0,5,2.0
1054,Nisha Sharma,Sales,2026-06-02,5.0,4,1.0
1055,Nisha Agarwal,Operations,2023-03-24,4.0,2,4.0
1056,Kavya Bansal,Human Resources,2022-01-26,2.0,3,5.0
1057,Sanjay Yadav,Finance,2026-08-25,,3,5.0
1058,Ashok Nair,Sales,2026-09-12,4.0,3,
1059,Suresh Rao,IT,2025-07-20,1.0,2,3.0
1060,Ritu Rao,Sales,2023-10-29,4.0,2,4.0
1061,Neha Chopra,Sales,2021-02-25,3.0,5,2.0
1062,Rahul Malhotra,Operations,2025-08-06,4.0,4,
1063,Karan Bansal,Customer Support,2021-12-12,2.0,5,1.0
1064,Ananya Verma,IT,2022-12-29,2.0,2,2.0
1065,Deepak Singh,IT,2023-06-30,3.0,4,1.0
1066,Pooja Saxena,Operations,2022-08-12,1.0,4,1.0
1067,Manish Agarwal,IT,2025-09-09,1.0,1,3.0
1068,Ashok Chopra,Research & Development,2026-03-12,,2,5.0
1069,Riya Joshi,Customer Support,2022-01-17,1.0,4,5.0
1070,Karan Nair,Customer Support,2026-03-16,1.0,4,2.0
1071,Kavya Kumar,Sales,2024-10-25,4.0,1,4.0
1072,Rahul Malhotra,Customer Support,2026-07-19,5.0,5,1.0
1073,Anil Bansal,Sales,2024-10-05,4.0,2,3.0
1074,Swati Patel,Research & Development,2026-03-31,2.0,2,
1075,Rajesh Nair,Human Resources,2021-02-19,5.0,1,3.0
1076,Vivaan Mehta,Finance,2024-07-05,3.0,4,3.0
1077,Rohan Kumar,Customer Support,2026-11-11,1.0,3,4.0
1078,Aditya Sharma,Research & Development,2025-07-14,4.0,5,4.0
1079,Rajesh Joshi,Human Resources,2022-03-27,4.0,1,2.0
1080,Ashok Gupta,Human Resources,2025-12-25,3.0,3,2.0
1081,Aditya Agarwal,Research & Development,2026-06-02,5.0,4,
1082,Karan Yadav,IT,2026-05-02,2.0,5,4.0
1083,Nisha Gupta,Sales,2026-09-28,3.0,4,
1084,Sneha Kumar,Human Resources,2026-08-26,2.0,4,2.0
1085,Arjun Tiwari,IT,2026-02-09,3.0,1,2.0
1086,Neha Chopra,Customer Support,2021-03-02,1.0,4,4.0
1087,Swati Agarwal,Customer Support,2021-11-25,5.0,5,5.0
1088,Manish Tiwari,Finance,2024-08-15,2.0,2,5.0
1089,Arjun Sharma,Customer Support,2025-09-11,3.0,4,5.0
1090,Preeti Mehta,IT,2025-12-04,4.0,2,1.0
1091,Pooja Tiwari,Operations,2024-01-18,3.0,2,5.0
1092,Aditya Yadav,Marketing,2025-03-24,4.0,3,1.0
1093,Sanjay Mehta,Finance,2026-12-02,2.0,5,3.0
1094,Rohan Rao,Human Resources,2024-05-07,1.0,1,2.0
1095,Kirti Reddy,Research & Development,2026-11-27,4.0,3,3.0
1096,Amit Joshi,Marketing,2026-03-28,5.0,3,5.0
1097,Kavita Saxena,Customer Support,2021-03-10,1.0,2,5.0
1098,Karan Mehta,Customer Support,2026-06-08,3.0,1,5.0
1099,Arjun Tiwari,Human Resources,2022-08-08,,3,3.0
1100,Suresh Singh,Research & Development,2022-01-04,3.0,2,
1101,Aarav Malhotra,Sales,2023-12-27,4.0,5,1.0
1102,Kirti Yadav,IT,2025-03-24,4.0,4,1.0
1103,Kavita Malhotra,Research & Development,2025-10-07,,3,3.0
1104,Deepak Joshi,Human Resources,2026-08-04,2.0,2,5.0
1105,Sneha Yadav,Marketing,2025-05-04,1.0,2,2.0
1106,Rohan Nair,Operations,2025-09-04,4.0,4,
1107,Isha Saxena,Sales,2022-12-26,4.0,2,5.0
1108,Swati Sharma,Sales,2024-08-06,5.0,5,5.0
1109,Divya Chopra,Human Resources,2026-03-16,4.0,4,4.0
1110,Anjali Tiwari,Human Resources,2026-12-03,5.0,2,1.0
1111,Neha Rao,Research & Development,2022-08-25,3.0,5,4.0
1112,Anjali Sharma,Finance,2024-05-15,3.0,1,5.0
1113,Anjali Joshi,Human Resources,2024-09-02,,4,5.0
1114,Neha Saxena,Marketing,2023-08-09,,1,2.0
1115,Vikram Rao,Sales,2026-11-26,1.0,4,4.0
1116,Kirti Iyer,IT,2026-05-29,3.0,5,1.0
1117,Manish Chopra,Human Resources,2026-07-25,,2,1.0
1118,Anjali Malhotra,Human Resources,2024-06-25,3.0,3,3.0
1119,Vikram Joshi,Finance,2026-07-14,3.0,4,1.0
1120,Varun Patel,IT,2026-04-15,,1,5.0
1121,Suresh Mehta,Marketing,2025-04-20,5.0,2,1.0
1122,Vikram Mehta,Human Resources,2022-01-26,3.0,3,1.0
1123,Suresh Sharma,Customer Support,2026-07-08,5.0,4,
1124,Preeti Agarwal,Human Resources,2021-02-21,1.0,3,5.0
1125,Pooja Iyer,Marketing,2023-10-16,3.0,5,3.0
1126,Vikram Malhotra,Sales,2024-08-10,4.0,2,1.0
1127,Ritu Nair,IT,2026-04-03,,3,2.0
1128,Anjali Saxena,Research & Development,2025-11-05,1.0,4,5.0
1129,Neha Joshi,Finance,2022-01-15,1.0,5,1.0
1130,Rohan Mehta,Human Resources,2024-10-18,4.0,5,3.0
1131,Riya Kumar,Operations,2024-04-28,4.0,4,3.0
1132,Sanjay Reddy,Marketing,2025-09-22,5.0,4,2.0
1133,Nikhil Gupta,Sales,2024-08-31,4.0,5,4.0
1134,Siddharth Reddy,Research & Development,2025-05-10,4.0,5,
1135,Aditya Sharma,Research & Development,2022-06-14,2.0,5,1.0
1136,Nikhil Kapoor,IT,2023-03-31,,4,3.0
1137,Varun Malhotra,Marketing,2026-12-25,2.0,4,
1138,Anjali Gupta,Customer Support,2026-07-13,2.0,3,4.0
1139,Rajesh Sharma,Operations,2024-02-28,3.0,3,5.0
1140,Siddharth Kumar,Operations,2026-12-09,5.0,2,3.0
1141,Vikram Singh,Research & Development,2026-07-14,5.0,5,3.0
1142,Suresh Chopra,Sales,2025-09-29,1.0,1,2.0
1143,Gaurav Tiwari,Finance,2025-07-22,1.0,1,2.0
1144,Isha Joshi,Marketing,2023-08-02,3.0,1,1.0
1145,Varun Sharma,Operations,2024-11-21,4.0,5,3.0
1146,Aditya Iyer,Marketing,2023-12-23,2.0,1,3.0
1147,Nikhil Saxena,Finance,2024-08-03,4.0,4,3.0
1148,Siddharth Joshi,Human Resources,2026-02-28,3.0,4,4.0
1149,Kavya Patel,Sales,2023-09-28,4.0,1,1.0
1150,Nisha Sharma,Finance,2025-07-17,4.0,3,2.0
1151,Karan Kapoor,Human Resources,2024-08-12,1.0,2,5.0
1152,Isha Verma,Human Resources,2022-10-16,4.0,2,2.0
1153,Riya Singh,Sales,2023-09-04,5.0,2,
1154,Nisha Kapoor,Finance,2026-06-03,5.0,3,
1155,Kirti Iyer,Customer Support,2022-06-04,1.0,4,3.0
1156,Riya Kumar,Finance,2025-11-07,2.0,2,2.0
1157,Aditya Tiwari,Human Resources,2025-07-04,5.0,3,1.0
1158,Meera Sharma,IT,2022-11-26,4.0,5,3.0
1159,Swati Agarwal,IT,2025-10-20,4.0,4,3.0
1160,Meera Kapoor,Operations,2025-10-27,2.0,2,1.0
1161,Rahul Iyer,Marketing,2026-06-13,1.0,5,4.0
1162,Kavita Chopra,IT,2024-07-14,5.0,3,5.0
1163,Rajesh Nair,IT,2023-07-01,4.0,5,2.0
1164,Kavita Chopra,Operations,2022-11-01,1.0,2,4.0
1165,Preeti Patel,IT,2024-05-14,5.0,2,3.0
1166,Ritu Rao,Operations,2026-07-07,2.0,1,4.0
1167,Gaurav Patel,Customer Support,2026-11-09,5.0,1,3.0
1168,Shreya Kumar,Human Resources,2025-05-04,3.0,2,4.0
1169,Priya Iyer,Marketing,2025-12-27,5.0,2,1.0
1170,Nisha Chopra,Human Resources,2026-09-06,3.0,4,3.0
1171,Ashok Reddy,Finance,2025-11-01,4.0,3,2.0
1172,Aditya Nair,Marketing,2025-01-03,5.0,1,3.0
1173,Neha Joshi,IT,2026-04-19,3.0,3,5.0
1174,Isha Yadav,Operations,2026-04-09,1.0,1,2.0
1175,Rajesh Agarwal,Human Resources,2026-12-31,,2,3.0
1176,Varun Chopra,Operations,2023-05-21,5.0,3,3.0
1177,Ritu Saxena,Marketing,2026-05-03,,5,4.0
1178,Preeti Agarwal,IT,2026-07-09,2.0,3,4.0
1179,Deepak Kapoor,Research & Development,2023-07-02,1.0,5,4.0
1180,Kavita Yadav,Marketing,2022-07-28,1.0,3,5.0
1181,Kavya Patel,IT,2026-02-27,1.0,4,5.0
1182,Isha Rao,Finance,2026-11-11,,2,4.0
1183,Ananya Chopra,Operations,2023-06-20,5.0,2,2.0
1184,Nisha Patel,Human Resources,2025-03-24,1.0,5,3.0
1185,Swati Tiwari,IT,2021-01-11,1.0,4,4.0
1186,Preeti Sharma,Human Resources,2022-01-05,1.0,4,5.0
1187,Ananya Rao,Marketing,2025-01-21,5.0,3,2.0
1188,Neha Kumar,Sales,2022-09-13,4.0,2,
1189,Gaurav Verma,Human Resources,2025-10-21,4.0,3,5.0
1190,Priya Saxena,Research & Development,2025-12-29,4.0,4,3.0
1191,Gaurav Verma,Customer Support,2021-09-23,2.0,3,1.0
1192,Gaurav Tiwari,IT,2026-09-20,,5,5.0
1193,Amit Kumar,Marketing,2025-06-23,4.0,1,2.0
1194,Kavya Kapoor,Human Resources,2026-11-13,,4,5.0
1195,Sneha Verma,Marketing,2022-08-25,4.0,5,2.0
1196,Siddharth Nair,Operations,2026-02-04,5.0,1,4.0
1197,Rahul Malhotra,IT,2026-06-18,3.0,4,
1198,Sakshi Tiwari,Sales,2024-07-27,3.0,4,1.0
1199,Sakshi Tiwari,Human Resources,2026-09-17,3.0,5,3.0
1200,Manish Agarwal,Operations,2024-08-14,1.0,1,2.0
1201,Sanjay Yadav,Operations,2025-05-31,4.0,5,4.0
1202,Riya Malhotra,Customer Support,2026-04-22,3.0,5,3.0
1203,Karan Chopra,Sales,2025-09-30,1.0,4,2.0
1204,Nikhil Kapoor,Sales,2023-05-04,4.0,1,4.0
1205,Siddharth Sharma,Human Resources,2025-05-31,2.0,5,2.0
1206,Siddharth Nair,Finance,2024-11-22,,3,3.0
1207,Kavita Joshi,Sales,2026-03-27,2.0,2,
1208,Rahul Nair,Marketing,2022-10-24,1.0,2,
1209,Swati Patel,Finance,2021-10-22,5.0,3,4.0
1210,Anil Tiwari,Human Resources,2026-05-19,2.0,4,3.0
1211,Aditya Nair,Marketing,2023-04-14,1.0,4,3.0
1212,Aarav Reddy,Finance,2026-01-28,1.0,4,2.0
1213,Sanjay Joshi,IT,2021-11-16,5.0,1,4.0
1214,Anjali Rao,Finance,2021-05-12,3.0,2,2.0
1215,Vivaan Bansal,Sales,2021-06-12,2.0,1,2.0
1216,Swati Kapoor,Finance,2025-09-21,4.0,4,5.0
1217,Kavya Rao,Sales,2026-01-27,5.0,5,1.0
1218,Karan Chopra,Operations,2025-11-14,4.0,3,4.0
1219,Divya Yadav,Customer Support,2023-10-06,4.0,4,1.0
1220,Nisha Verma,IT,2025-01-01,4.0,4,5.0
1221,Siddharth Reddy,Customer Support,2026-06-14,3.0,4,2.0
1222,Karan Nair,Human Resources,2024-01-16,1.0,3,2.0
1223,Nikhil Iyer,IT,2023-09-15,2.0,2,3.0
1224,Sakshi Saxena,Research & Development,2024-08-12,1.0,3,1.0
1225,Riya Agarwal,Customer Support,2026-10-06,4.0,2,4.0
1226,Swati Agarwal,Finance,2022-02-14,5.0,5,5.0
1227,Ritu Verma,Human Resources,2025-08-17,1.0,2,4.0
1228,Pooja Patel,Research & Development,2026-11-19,,3,5.0
1229,Meera Kapoor,Customer Support,2025-10-19,5.0,5,1.0
1230,Deepak Joshi,Research & Development,2024-10-04,5.0,1,3.0
1231,Ashok Rao,Sales,2026-05-22,3.0,1,1.0
1232,Preeti Tiwari,Research & Development,2026-10-29,4.0,2,2.0
1233,Divya Gupta,Operations,2024-08-01,2.0,2,
1234,Riya Mehta,IT,2025-03-28,2.0,2,
1235,Sanjay Sharma,IT,2022-04-24,2.0,2,5.0
1236,Sanjay Reddy,Finance,2025-08-14,2.0,3,3.0
1237,Karan Reddy,Customer Support,2026-09-29,5.0,4,1.0
1238,Varun Nair,Marketing,2024-12-31,2.0,2,1.0
1239,Gaurav Saxena,Marketing,2026-04-17,5.0,2,3.0
1240,Kavita Rao,Customer Support,2026-09-24,4.0,1,3.0
1241,Kavya Agarwal,Customer Support,2025-06-02,4.0,4,3.0
1242,Deepak Yadav,Customer Support,2025-07-29,3.0,2,3.0
1243,Deepak Kapoor,Sales,2025-09-10,3.0,2,2.0
1244,Deepak Kapoor,Human Resources,2026-04-11,1.0,5,5.0
1245,Vivaan Singh,Customer Support,2026-08-11,1.0,1,2.0
1246,Manish Rao,Finance,2025-04-04,,1,2.0
1247,Nisha Malhotra,Customer Support,2024-01-27,2.0,5,1.0
1248,Neha Verma,Human Resources,2022-06-24,4.0,1,5.0
1249,Sanjay Bansal,Research & Development,2025-12-16,4.0,4,5.0
1250,Kavya Yadav,Customer Support,2024-05-16,1.0,1,5.0
1251,Rohan Reddy,Finance,2026-02-28,4.0,1,4.0
1252,Ananya Kumar,Customer Support,2025-07-02,2.0,2,
1253,Neha Kumar,Finance,2025-09-14,2.0,4,3.0
1254,Riya Agarwal,Finance,2021-09-12,5.0,1,3.0
1255,Arjun Verma,Customer Support,2023-10-26,4.0,5,1.0
1256,Preeti Mehta,Customer Support,2021-06-08,3.0,2,2.0
1257,Ananya Kumar,Sales,2024-09-10,3.0,3,2.0
1258,Deepak Tiwari,Research & Development,2023-03-20,3.0,1,1.0
1259,Nisha Bansal,Sales,2024-06-21,2.0,1,1.0
1260,Sneha Yadav,Marketing,2026-11-04,3.0,5,1.0
1261,Anjali Saxena,Human Resources,2026-12-26,1.0,4,1.0
1262,Sunita Yadav,Customer Support,2023-09-06,3.0,5,2.0
1263,Preeti Verma,Sales,2022-09-14,5.0,1,2.0
1264,Kavya Rao,Research & Development,2025-11-10,2.0,2,4.0
1265,Sunita Joshi,Marketing,2024-10-12,1.0,2,3.0
1266,Vikram Agarwal,Finance,2026-03-26,3.0,5,1.0
1267,Ritu Bansal,IT,2025-01-10,5.0,4,3.0
1268,Swati Gupta,Research & Development,2025-01-31,3.0,5,4.0
1269,Rajesh Gupta,Research & Development,2021-04-17,4.0,3,3.0
1270,Anil Chopra,Customer Support,2025-09-21,,2,4.0
1271,Pooja Nair,Operations,2022-02-25,1.0,1,5.0
1272,Divya Reddy,Sales,2025-07-28,4.0,2,
1273,Aditya Patel,Finance,2022-10-23,5.0,2,1.0
1274,Isha Kapoor,Human Resources,2022-09-27,2.0,3,2.0
1275,Aarav Chopra,Finance,2026-11-25,5.0,2,3.0
1276,Gaurav Saxena,IT,2024-01-23,5.0,1,
1277,Pooja Joshi,Customer Support,2022-11-06,2.0,5,4.0
1278,Arjun Agarwal,Customer Support,2025-11-24,2.0,3,1.0
1279,Gaurav Gupta,Human Resources,2024-09-11,3.0,2,3.0
1280,Isha Joshi,Research & Development,2026-09-23,1.0,1,2.0
1281,Kavya Reddy,Research & Development,2026-09-20,2.0,5,2.0
1282,Ashok Joshi,Marketing,2025-12-27,5.0,3,2.0
1283,Ananya Singh,Sales,2026-10-31,1.0,5,3.0
1284,Anil Iyer,Human Resources,2025-05-11,,3,1.0
1285,Nisha Malhotra,Research & Development,2023-06-20,5.0,1,1.0
1286,Sneha Iyer,IT,2026-08-06,4.0,2,3.0
1287,Vivaan Saxena,Sales,2026-09-30,2.0,1,2.0
1288,Suresh Kapoor,Sales,2025-04-23,3.0,2,5.0
1289,Ananya Singh,Operations,2023-06-30,3.0,1,3.0
1290,Ritu Malhotra,Finance,2025-05-26,,2,2.0
1291,Neha Gupta,Operations,2026-06-12,5.0,3,4.0
1292,Vivaan Sharma,Marketing,2026-04-29,2.0,1,4.0
1293,Vikram Joshi,Finance,2023-05-17,1.0,3,2.0
1294,Varun Verma,IT,2025-10-29,1.0,1,5.0
1295,Swati Rao,Research & Development,2024-06-20,1.0,1,3.0
1296,Vivaan Saxena,Customer Support,2026-04-04,,4,4.0
1297,Preeti Gupta,Marketing,2026-01-23,5.0,4,1.0
1298,Neha Sharma,Operations,2022-12-26,4.0,4,3.0
1299,Vikram Nair,Finance,2021-10-31,3.0,5,1.0
1300,Pooja Joshi,Sales,2025-05-20,2.0,4,1.0
1301,Aditya Yadav,Research & Development,2026-06-15,2.0,1,2.0
1302,Arjun Kumar,Marketing,2024-10-10,,2,2.0
1303,Sakshi Agarwal,IT,2026-08-20,2.0,4,3.0
1304,Aarav Agarwal,Sales,2022-02-07,2.0,3,
1305,Meera Patel,Marketing,2025-10-19,1.0,4,3.0
1306,Karan Joshi,Operations,2025-08-10,3.0,3,4.0
1307,Sneha Saxena,Operations,2025-08-20,4.0,5,
1308,Vivaan Joshi,Marketing,2024-09-29,5.0,1,4.0
1309,Kavya Kapoor,Human Resources,2025-09-08,1.0,4,2.0
1310,Nisha Reddy,Finance,2025-12-11,5.0,5,3.0
1311,Isha Bansal,Operations,2021-10-26,3.0,2,3.0
1312,Anjali Verma,Sales,2023-02-02,1.0,2,3.0
1313,Pooja Mehta,Research & Development,2023-04-14,5.0,2,1.0
1314,Rajesh Bansal,IT,2025-12-29,1.0,1,4.0
1315,Gaurav Mehta,Finance,2026-11-01,2.0,4,2.0
1316,Rohan Agarwal,Research & Development,2023-11-03,5.0,5,3.0
1317,Kavita Malhotra,IT,2026-01-23,2.0,5,2.0
1318,Arjun Patel,Finance,2025-07-19,1.0,4,5.0
1319,Neha Chopra,Research & Development,2025-02-26,3.0,4,5.0
1320,Manish Reddy,Research & Development,2022-03-26,,4,3.0
1321,Swati Joshi,Finance,2021-07-19,5.0,2,1.0
1322,Anil Nair,Finance,2023-05-25,4.0,3,5.0
1323,Karan Nair,Human Resources,2023-06-09,5.0,4,1.0
1324,Ashok Malhotra,IT,2024-07-25,1.0,4,4.0
1325,Deepak Reddy,Finance,2022-02-25,,4,4.0
1326,Shreya Bansal,Operations,2025-10-04,1.0,5,5.0
1327,Kavya Mehta,Operations,2023-03-27,5.0,2,5.0
1328,Kavya Saxena,Sales,2026-09-17,3.0,2,2.0
1329,Sakshi Nair,IT,2026-05-29,2.0,3,2.0
1330,Nikhil Verma,Customer Support,2026-03-08,2.0,2,3.0
1331,Siddharth Tiwari,Research & Development,2023-06-29,4.0,3,5.0
1332,Nisha Nair,Sales,2025-10-13,2.0,1,3.0
1333,Divya Patel,Marketing,2026-08-16,4.0,3,1.0
1334,Nikhil Kapoor,Operations,2025-05-17,3.0,2,4.0
1335,Neha Bansal,Finance,2022-08-23,,1,4.0
1336,Kirti Gupta,Sales,2024-04-24,2.0,3,3.0
1337,Arjun Patel,Human Resources,2026-06-04,2.0,4,1.0
1338,Shreya Gupta,Research & Development,2026-02-08,4.0,4,4.0
1339,Karan Kumar,Customer Support,2025-02-10,2.0,2,
1340,Nikhil Chopra,Customer Support,2025-02-02,3.0,2,4.0
1341,Priya Patel,Finance,2021-12-28,5.0,5,2.0
1342,Ashok Reddy,Finance,2025-09-22,3.0,1,4.0
1343,Vivaan Mehta,Operations,2024-09-08,3.0,1,5.0
1344,Pooja Singh,Human Resources,2024-11-29,,5,1.0
1345,Kavita Sharma,Marketing,2024-03-29,5.0,5,2.0
1346,Priya Kapoor,Research & Development,2022-01-09,1.0,3,4.0
1347,Kavita Chopra,Finance,2025-05-06,2.0,3,5.0
1348,Sanjay Gupta,Sales,2022-11-13,2.0,4,5.0
1349,Aarav Joshi,Finance,2025-06-30,2.0,2,4.0
1350,Anil Agarwal,Marketing,2024-08-04,1.0,4,2.0
1351,Divya Tiwari,Customer Support,2024-06-22,4.0,5,1.0
1352,Pooja Yadav,Operations,2026-12-27,,1,4.0
1353,Priya Singh,IT,2026-02-23,1.0,3,5.0
1354,Neha Yadav,Operations,2026-08-26,5.0,3,2.0
1355,Gaurav Agarwal,Marketing,2022-07-28,1.0,4,1.0
1356,Rajesh Malhotra,Research & Development,2024-12-29,2.0,1,4.0
1357,Sunita Singh,IT,2025-06-13,4.0,2,
1358,Nikhil Sharma,Operations,2025-11-06,4.0,4,2.0
1359,Preeti Kapoor,Sales,2024-08-23,,2,4.0
1360,Sanjay Gupta,Operations,2025-11-12,3.0,3,4.0
1361,Priya Kumar,Sales,2024-04-06,,1,1.0
1362,Sakshi Joshi,Operations,2024-12-08,2.0,1,3.0
1363,Ananya Nair,Customer Support,2024-06-17,5.0,5,1.0
1364,Kirti Iyer,Finance,2026-03-12,5.0,1,4.0
1365,Swati Joshi,Sales,2026-09-09,2.0,4,1.0
1366,Rohan Bansal,Operations,2023-02-14,5.0,4,2.0
1367,Vivaan Verma,Sales,2021-03-23,,2,4.0
1368,Ashok Yadav,Sales,2026-01-23,2.0,3,4.0
1369,Gaurav Kumar,Finance,2026-07-13,4.0,2,4.0
1370,Shreya Joshi,Sales,2025-09-12,1.0,3,4.0
1371,Kirti Tiwari,IT,2026-03-03,5.0,4,
1372,Sunita Reddy,Operations,2024-04-05,5.0,2,5.0
1373,Karan Reddy,Sales,2024-10-13,2.0,5,4.0
1374,Neha Singh,Research & Development,2026-07-01,1.0,2,4.0
1375,Kavya Agarwal,Customer Support,2024-10-04,5.0,5,1.0
1376,Swati Nair,Operations,2023-12-21,2.0,2,2.0
1377,Sneha Tiwari,Sales,2022-02-16,4.0,1,3.0
1378,Amit Iyer,Human Resources,2022-11-15,2.0,4,
1379,Sunita Tiwari,Sales,2025-11-14,2.0,4,3.0
1380,Manish Malhotra,Marketing,2025-11-02,3.0,1,1.0
1381,Anjali Tiwari,Sales,2026-05-07,1.0,3,3.0
1382,Shreya Gupta,Research & Development,2025-04-28,4.0,1,2.0
1383,Karan Mehta,Operations,2025-09-30,1.0,2,4.0
1384,Divya Reddy,Sales,2025-12-16,3.0,4,5.0
1385,Sakshi Patel,Operations,2023-08-17,1.0,1,1.0
1386,Kavita Saxena,Human Resources,2024-10-08,4.0,1,2.0
1387,Pooja Kumar,IT,2026-12-14,2.0,1,5.0
1388,Rohan Nair,Research & Development,2025-02-09,2.0,1,2.0
1389,Riya Iyer,IT,2026-03-27,4.0,2,3.0
1390,Ashok Reddy,Operations,2026-11-06,3.0,2,2.0
1391,Pooja Saxena,Research & Development,2022-05-02,2.0,1,5.0
1392,Siddharth Tiwari,Sales,2026-01-26,2.0,2,3.0
1393,Anjali Kumar,Finance,2025-12-19,2.0,2,1.0
1394,Isha Kapoor,Sales,2023-03-16,5.0,1,1.0
1395,Rahul Malhotra,Research & Development,2026-07-18,4.0,5,5.0
1396,Priya Chopra,Operations,2025-06-13,5.0,1,4.0
1397,Swati Chopra,Operations,2023-09-25,4.0,5,
1398,Anil Malhotra,Marketing,2024-07-08,2.0,1,
1399,Vivaan Chopra,Operations,2021-11-11,,4,5.0
1400,Riya Chopra,Finance,2026-05-16,5.0,2,1.0
1401,Karan Reddy,Sales,2026-04-26,3.0,1,1.0
1402,Rohan Verma,Finance,2021-04-23,1.0,5,3.0
1403,Sneha Joshi,Operations,2026-04-20,3.0,2,3.0
1404,Riya Sharma,IT,2023-09-13,5.0,5,2.0
1405,Sakshi Reddy,Research & Development,2026-07-19,5.0,2,1.0
1406,Manish Sharma,Research & Development,2024-03-28,2.0,4,2.0
1407,Sunita Saxena,Operations,2022-12-22,3.0,4,4.0
1408,Kavita Mehta,IT,2022-12-15,4.0,1,1.0
1409,Ashok Mehta,Finance,2025-06-14,2.0,5,2.0
1410,Sunita Rao,Research & Development,2026-09-23,3.0,4,5.0
1411,Sanjay Kapoor,Research & Development,2023-07-23,3.0,4,4.0
1412,Swati Patel,Sales,2023-12-19,3.0,1,3.0
1413,Priya Singh,Human Resources,2023-02-28,5.0,1,4.0
1414,Varun Patel,Operations,2025-06-29,5.0,1,5.0
1415,Pooja Verma,Research & Development,2026-11-03,3.0,3,5.0
1416,Kavya Tiwari,Customer Support,2025-09-07,3.0,3,4.0
1417,Ashok Malhotra,Human Resources,2026-03-04,4.0,3,1.0
1418,Manish Kumar,IT,2024-06-03,4.0,5,4.0
1419,Anil Singh,Human Resources,2021-08-08,5.0,4,5.0
1420,Swati Tiwari,Research & Development,2022-12-05,1.0,1,4.0
1421,Ritu Rao,Finance,2021-05-31,4.0,1,5.0
1422,Manish Agarwal,Research & Development,2024-09-25,3.0,5,3.0
1423,Ashok Kapoor,Research & Development,2022-05-22,3.0,2,2.0
1424,Divya Reddy,Sales,2024-01-21,3.0,1,3.0
1425,Anil Joshi,Sales,2025-06-07,4.0,2,1.0
1426,Pooja Kapoor,Customer Support,2026-11-06,5.0,3,4.0
1427,Pooja Malhotra,Customer Support,2026-03-03,5.0,4,2.0
1428,Rajesh Malhotra,Sales,2026-09-13,2.0,1,1.0
1429,Siddharth Yadav,Research & Development,2024-01-13,2.0,1,2.0
1430,Kavita Bansal,Sales,2024-06-23,1.0,3,1.0
1431,Amit Bansal,IT,2025-09-03,5.0,3,1.0
1432,Vikram Yadav,Human Resources,2026-07-21,5.0,3,3.0
1433,Meera Kapoor,Human Resources,2026-03-30,5.0,1,1.0
1434,Ritu Chopra,Operations,2024-08-23,3.0,1,2.0
1435,Rahul Verma,Marketing,2023-01-13,2.0,5,3.0
1436,Varun Nair,Research & Development,2025-04-15,,4,2.0
1437,Deepak Iyer,IT,2021-03-08,5.0,5,2.0
1438,Sanjay Sharma,Finance,2025-03-31,3.0,4,2.0
1439,Vikram Iyer,Human Resources,2026-11-28,2.0,4,1.0
1440,Preeti Singh,Sales,2025-01-22,5.0,3,1.0
1441,Isha Singh,Marketing,2026-11-13,3.0,5,5.0
1442,Meera Singh,Finance,2025-09-25,5.0,3,5.0
1443,Divya Kumar,Human Resources,2026-11-13,,2,4.0
1444,Anil Gupta,Operations,2022-07-13,1.0,5,5.0
1445,Sneha Reddy,Marketing,2025-07-05,4.0,4,3.0
1446,Gaurav Malhotra,Research & Development,2025-09-12,1.0,4,4.0
1447,Anil Malhotra,Customer Support,2026-09-01,,4,3.0
1448,Deepak Bansal,IT,2024-02-14,4.0,3,
1449,Riya Saxena,Marketing,2024-09-18,,4,5.0
1450,Aditya Mehta,Operations,2023-10-19,5.0,5,1.0
1451,Siddharth Agarwal,IT,2021-12-13,3.0,1,
1452,Sanjay Saxena,Human Resources,2024-09-27,2.0,1,5.0
1453,Shreya Chopra,Operations,2026-11-18,2.0,4,4.0
1454,Vikram Singh,Finance,2024-02-27,2.0,2,2.0
1455,Riya Chopra,IT,2025-03-27,5.0,2,5.0
1456,Kavita Bansal,Marketing,2025-01-03,1.0,4,3.0
1457,Manish Mehta,Finance,2026-09-18,4.0,5,3.0
1458,Anjali Sharma,Research & Development,2026-07-24,5.0,3,4.0
1459,Preeti Patel,Operations,2026-03-23,1.0,4,2.0
1460,Pooja Patel,Customer Support,2026-04-14,2.0,2,1.0
1461,Sakshi Saxena,Human Resources,2025-03-07,5.0,4,1.0
1462,Siddharth Rao,Finance,2025-09-28,2.0,3,3.0
1463,Riya Yadav,Operations,2021-10-15,,1,5.0
1464,Preeti Patel,IT,2025-06-23,,3,5.0
1465,Sanjay Reddy,Marketing,2021-11-10,4.0,3,3.0
1466,Meera Reddy,Operations,2026-09-23,3.0,4,4.0
1467,Meera Bansal,Sales,2025-03-16,3.0,1,3.0
1468,Swati Reddy,Human Resources,2025-09-26,3.0,2,4.0
1469,Kavita Yadav,Finance,2021-12-28,1.0,5,3.0
1470,Sunita Sharma,Human Resources,2026-08-12,5.0,3,1.0
1471,Shreya Yadav,Marketing,2021-01-11,3.0,2,3.0
1472,Pooja Singh,Customer Support,2022-11-13,5.0,2,
1473,Manish Rao,Finance,2025-09-10,2.0,3,3.0
1474,Rajesh Malhotra,Marketing,2025-03-17,5.0,3,1.0
1475,Divya Patel,Research & Development,2024-11-14,5.0,5,1.0
1476,Sneha Gupta,Finance,2021-06-18,3.0,1,5.0
1477,Riya Tiwari,IT,2023-02-14,,3,3.0
1478,Vikram Kapoor,Human Resources,2022-10-06,5.0,1,2.0
1479,Anil Malhotra,Marketing,2026-10-11,5.0,3,1.0
1480,Ashok Chopra,Operations,2025-12-12,1.0,5,
1481,Karan Mehta,Human Resources,2025-07-27,1.0,3,5.0
1482,Aarav Sharma,Finance,2025-07-25,5.0,4,3.0
1483,Pooja Nair,Sales,2022-09-18,5.0,1,5.0
1484,Amit Joshi,IT,2025-04-08,1.0,5,4.0
1485,Siddharth Rao,Research & Development,2026-08-25,1.0,2,2.0
1486,Vivaan Nair,Research & Development,2025-07-06,1.0,2,4.0
1487,Arjun Nair,Research & Development,2024-12-11,1.0,4,2.0
1488,Meera Malhotra,Customer Support,2023-04-05,2.0,2,
1489,Kavya Chopra,Sales,2023-12-31,,5,4.0
1490,Siddharth Kumar,Customer Support,2023-02-23,5.0,5,2.0
1491,Nikhil Sharma,Customer Support,2026-09-28,2.0,1,1.0
1492,Karan Agarwal,Marketing,2025-09-11,,3,2.0
1493,Ananya Yadav,Customer Support,2023-11-30,5.0,2,4.0
1494,Nisha Kumar,Finance,2024-12-22,1.0,4,3.0
1495,Neha Verma,Sales,2026-09-22,2.0,4,4.0
1496,Pooja Verma,Human Resources,2023-09-01,4.0,1,5.0
1497,Vivaan Tiwari,Sales,2026-09-16,1.0,1,
1498,Sakshi Saxena,Research & Development,2026-11-05,3.0,5,3.0
1499,Meera Gupta,Research & Development,2025-01-21,1.0,2,5.0
1500,Vikram Reddy,IT,2024-09-19,4.0,2,1.0
1501,Aarav Bansal,Marketing,2026-09-23,4.0,5,5.0
1502,Sunita Kumar,Operations,2026-12-31,2.0,2,2.0
1503,Rohan Iyer,Sales,2022-03-30,5.0,5,5.0
1504,Sneha Kapoor,Finance,2026-09-20,2.0,5,
1505,Sanjay Saxena,Marketing,2025-09-27,4.0,4,3.0
1506,Swati Sharma,Operations,2024-08-26,5.0,5,3.0
1507,Kavita Verma,Human Resources,2024-02-07,5.0,1,5.0
1508,Kirti Chopra,Sales,2025-04-30,1.0,2,3.0
1509,Preeti Reddy,Operations,2025-11-21,3.0,3,1.0
1510,Kirti Mehta,Sales,2025-06-11,5.0,2,1.0
1511,Neha Malhotra,Finance,2023-05-31,2.0,3,3.0
1512,Riya Chopra,Sales,2024-09-28,3.0,2,1.0
1513,Riya Tiwari,Finance,2026-06-14,2.0,1,5.0
1514,Sakshi Iyer,Customer Support,2025-11-27,5.0,4,
1515,Riya Patel,Customer Support,2021-09-15,2.0,1,3.0
1516,Kavya Chopra,Marketing,2026-02-03,2.0,3,1.0
1517,Gaurav Agarwal,Human Resources,2026-09-29,2.0,3,3.0
1518,Shreya Mehta,Operations,2022-02-14,,5,5.0
1519,Divya Yadav,Human Resources,2022-12-30,2.0,5,4.0
1520,Nisha Agarwal,Research & Development,2026-05-04,2.0,3,3.0
1521,Divya Kapoor,Human Resources,2026-07-11,3.0,1,4.0
1522,Swati Kumar,Customer Support,2025-01-14,2.0,5,1.0
1523,Kirti Iyer,IT,2026-06-05,1.0,2,3.0
1524,Kavita Kapoor,IT,2024-10-11,3.0,4,4.0
1525,Ananya Saxena,IT,2026-06-22,1.0,3,3.0
1526,Ashok Yadav,IT,2022-08-16,5.0,5,2.0
1527,Sneha Rao,Research & Development,2026-08-17,5.0,1,4.0
1528,Aarav Nair,Human Resources,2026-12-15,4.0,3,2.0
1529,Anjali Malhotra,Sales,2026-07-12,4.0,5,1.0
1530,Meera Saxena,Human Resources,2025-07-07,2.0,1,3.0
1531,Aarav Bansal,Finance,2024-01-10,4.0,5,4.0
1532,Ritu Saxena,Human Resources,2026-12-07,4.0,3,5.0
1533,Manish Rao,Finance,2025-07-04,2.0,2,5.0
1534,Priya Mehta,Operations,2026-02-05,5.0,2,1.0
1535,Kirti Rao,IT,2023-05-26,5.0,2,3.0
1536,Sakshi Bansal,Marketing,2024-06-22,1.0,5,3.0
1537,Rahul Saxena,Operations,2025-08-23,4.0,4,2.0
1538,Varun Malhotra,IT,2021-02-15,3.0,1,1.0
1539,Suresh Nair,Sales,2025-08-28,1.0,2,3.0
1540,Aarav Joshi,Sales,2022-11-12,2.0,1,2.0
1541,Isha Tiwari,IT,2022-08-25,5.0,3,5.0
1542,Sanjay Nair,IT,2026-12-21,3.0,3,1.0
1543,Sanjay Reddy,Research & Development,2021-03-16,2.0,3,4.0
1544,Isha Verma,Operations,2023-06-06,1.0,4,5.0
1545,Nikhil Kumar,Customer Support,2024-02-19,4.0,4,1.0
1546,Isha Kapoor,Research & Development,2025-05-14,2.0,1,5.0
1547,Kavita Nair,Operations,2026-04-04,1.0,4,4.0
1548,Deepak Sharma,Research & Development,2026-06-03,,4,4.0
1549,Nikhil Chopra,Customer Support,2025-03-09,5.0,1,4.0
1550,Rahul Yadav,Research & Development,2026-10-16,4.0,4,3.0
1551,Shreya Chopra,Customer Support,2024-05-03,2.0,3,2.0
1552,Nikhil Chopra,Operations,2024-10-09,4.0,1,2.0
1553,Rohan Mehta,Finance,2022-12-19,4.0,1,1.0
1554,Isha Rao,IT,2025-06-19,,2,2.0
1555,Sakshi Iyer,Customer Support,2026-09-21,4.0,4,1.0
1556,Manish Singh,Marketing,2023-08-08,3.0,2,2.0
1557,Divya Sharma,Operations,2024-08-29,,1,3.0
1558,Preeti Chopra,Customer Support,2024-09-15,2.0,3,2.0
1559,Neha Reddy,IT,2026-01-25,1.0,1,3.0
1560,Sakshi Singh,Human Resources,2025-04-14,,1,3.0
1561,Ritu Saxena,Operations,2026-02-07,1.0,2,2.0
1562,Ashok Iyer,Research & Development,2026-01-23,2.0,3,4.0
1563,Sneha Patel,Customer Support,2024-05-28,5.0,4,5.0
1564,Neha Sharma,Sales,2025-01-14,5.0,5,5.0
1565,Suresh Chopra,Customer Support,2026-03-05,3.0,2,3.0
1566,Swati Iyer,Finance,2024-11-29,5.0,4,4.0
1567,Swati Kapoor,Finance,2023-01-16,4.0,4,5.0
1568,Suresh Kumar,IT,2026-05-06,2.0,1,4.0
1569,Suresh Bansal,Customer Support,2025-12-24,4.0,1,4.0
1570,Aarav Kapoor,Marketing,2025-01-04,,1,4.0
1571,Ananya Reddy,Marketing,2023-07-31,,3,2.0
1572,Kirti Sharma,Operations,2021-04-23,,4,4.0
1573,Preeti Iyer,IT,2025-05-24,3.0,3,2.0
1574,Aditya Iyer,Marketing,2026-12-18,5.0,4,5.0
1575,Sakshi Malhotra,Finance,2026-12-09,2.0,1,3.0
1576,Kavya Kapoor,Finance,2025-10-04,3.0,5,4.0
1577,Rajesh Bansal,Customer Support,2023-10-18,2.0,1,2.0
1578,Rajesh Malhotra,Research & Development,2024-08-28,1.0,5,1.0
1579,Nisha Reddy,Research & Development,2026-10-29,5.0,4,4.0
1580,Priya Tiwari,Operations,2022-04-09,3.0,4,2.0
1581,Vivaan Malhotra,Finance,2026-06-21,1.0,3,1.0
1582,Rajesh Malhotra,Research & Development,2025-02-10,1.0,3,4.0
1583,Vikram Saxena,IT,2021-10-07,4.0,1,4.0
1584,Anil Verma,Customer Support,2024-02-04,3.0,2,5.0
1585,Arjun Gupta,IT,2026-12-30,2.0,3,4.0
1586,Priya Nair,IT,2025-03-06,5.0,5,2.0
1587,Karan Joshi,Human Resources,2026-03-01,5.0,1,1.0
1588,Karan Singh,Sales,2026-07-27,,5,1.0
1589,Sakshi Singh,Customer Support,2024-12-16,1.0,2,2.0
1590,Kirti Agarwal,Finance,2021-01-16,2.0,3,5.0
1591,Priya Tiwari,Customer Support,2022-10-24,2.0,5,5.0
1592,Preeti Kapoor,Human Resources,2026-02-26,2.0,3,4.0
1593,Preeti Gupta,Research & Development,2023-08-24,3.0,4,4.0
1594,Suresh Patel,Human Resources,2026-10-27,3.0,4,5.0
1595,Riya Yadav,Human Resources,2023-07-17,5.0,3,1.0
1596,Anil Singh,Research & Development,2025-09-12,1.0,1,2.0
1597,Divya Verma,Operations,2023-12-08,4.0,5,2.0
1598,Kavita Verma,Human Resources,2022-04-11,3.0,4,2.0
1599,Preeti Yadav,Operations,2023-06-10,3.0,3,5.0
1600,Kirti Agarwal,Sales,2024-08-16,2.0,5,2.0
1601,Meera Iyer,Finance,2022-11-01,,3,2.0
1602,Rajesh Rao,Human Resources,2023-04-11,2.0,2,
1603,Preeti Saxena,Research & Development,2026-01-24,4.0,5,3.0
1604,Sakshi Tiwari,Human Resources,2022-08-12,2.0,1,5.0
1605,Ashok Bansal,Customer Support,2025-06-28,2.0,5,3.0
1606,Neha Kumar,IT,2023-03-23,5.0,2,2.0
1607,Divya Tiwari,Sales,2026-05-26,1.0,2,
1608,Ashok Bansal,Operations,2026-02-22,5.0,2,2.0
1609,Vivaan Yadav,Human Resources,2021-10-25,2.0,4,1.0
1610,Swati Kumar,IT,2021-04-27,2.0,4,2.0
1611,Varun Verma,IT,2026-08-05,1.0,1,3.0
1612,Ashok Joshi,Research & Development,2025-03-05,1.0,1,2.0
1613,Riya Yadav,Research & Development,2026-10-19,3.0,1,1.0
1614,Siddharth Gupta,IT,2024-12-01,1.0,2,3.0
1615,Ananya Agarwal,Sales,2025-08-05,5.0,2,2.0
1616,Siddharth Joshi,Sales,2021-11-01,4.0,5,4.0
1617,Isha Chopra,Marketing,2026-08-14,1.0,3,5.0
1618,Sunita Nair,Marketing,2026-09-01,2.0,1,
1619,Shreya Saxena,Finance,2026-06-12,1.0,5,2.0
1620,Vivaan Iyer,Operations,2025-06-28,1.0,5,4.0
1621,Anil Chopra,Research & Development,2024-12-11,4.0,4,2.0
1622,Manish Agarwal,Sales,2026-11-02,,5,4.0
1623,Kirti Chopra,Finance,2025-04-02,4.0,5,1.0
1624,Suresh Sharma,Operations,2024-10-14,4.0,4,1.0
1625,Sunita Kumar,Marketing,2022-08-24,,1,4.0
1626,Sakshi Malhotra,Sales,2026-04-08,3.0,4,2.0
1627,Vikram Malhotra,IT,2025-08-30,5.0,1,5.0
1628,Rajesh Joshi,Marketing,2024-04-03,3.0,3,2.0
1629,Isha Saxena,Customer Support,2023-05-06,1.0,5,5.0
1630,Deepak Sharma,Customer Support,2026-05-14,4.0,2,2.0
1631,Priya Yadav,Operations,2021-11-22,5.0,3,
1632,Neha Mehta,Sales,2023-07-15,3.0,1,3.0
1633,Suresh Nair,Marketing,2026-07-27,3.0,2,4.0
1634,Vivaan Gupta,Sales,2024-10-11,1.0,2,4.0
1635,Sneha Reddy,Sales,2025-04-15,1.0,4,
1636,Kavya Saxena,Marketing,2026-10-26,1.0,5,1.0
1637,Shreya Patel,Human Resources,2022-04-16,,2,4.0
1638,Swati Joshi,Customer Support,2024-02-03,5.0,4,5.0
1639,Vikram Mehta,Operations,2024-08-15,1.0,5,4.0
1640,Sneha Reddy,Customer Support,2025-05-29,5.0,2,5.0
1641,Rajesh Rao,Operations,2022-05-14,2.0,3,4.0
1642,Divya Saxena,IT,2025-04-19,5.0,1,5.0
1643,Kavya Yadav,IT,2022-05-24,3.0,1,1.0
1644,Preeti Kumar,Finance,2025-03-30,5.0,5,3.0
1645,Sanjay Nair,Marketing,2022-03-01,1.0,3,1.0
1646,Shreya Patel,Research & Development,2022-04-20,3.0,4,2.0
1647,Kirti Tiwari,Sales,2025-05-02,1.0,4,3.0
1648,Sunita Kumar,Human Resources,2025-05-16,2.0,3,3.0
1649,Siddharth Mehta,IT,2026-04-19,4.0,5,2.0
1650,Ritu Patel,Operations,2026-11-22,4.0,4,5.0
1651,Riya Patel,Human Resources,2023-07-26,5.0,4,2.0
1652,Rajesh Reddy,Customer Support,2025-07-15,5.0,3,2.0
1653,Amit Sharma,Finance,2026-12-27,4.0,5,1.0
1654,Aditya Sharma,Customer Support,2024-05-15,3.0,5,5.0
1655,Kavita Patel,Sales,2023-10-31,5.0,5,5.0
1656,Preeti Bansal,Marketing,2025-12-26,4.0,4,1.0
1657,Kavya Bansal,Operations,2023-04-08,4.0,1,3.0
1658,Gaurav Kumar,Marketing,2025-09-30,5.0,1,1.0
1659,Ritu Chopra,Marketing,2026-10-27,3.0,3,2.0
1660,Shreya Reddy,Human Resources,2022-10-25,5.0,2,3.0
1661,Sakshi Tiwari,Sales,2026-02-13,4.0,2,5.0
1662,Nikhil Nair,Human Resources,2025-05-09,5.0,5,4.0
1663,Siddharth Kapoor,Human Resources,2026-05-27,5.0,5,1.0
1664,Vivaan Reddy,Customer Support,2026-03-10,1.0,5,2.0
1665,Karan Kumar,Research & Development,2024-10-20,1.0,1,1.0
1666,Ritu Iyer,Research & Development,2026-01-09,4.0,1,2.0
1667,Suresh Verma,Sales,2021-01-21,3.0,2,3.0
1668,Vikram Kumar,Research & Development,2025-01-23,4.0,3,5.0
1669,Sunita Kapoor,Marketing,2022-04-01,,1,1.0
1670,Aarav Joshi,Finance,2026-02-26,3.0,2,4.0
1671,Nikhil Mehta,Human Resources,2026-09-29,1.0,2,
1672,Divya Nair,Operations,2026-05-13,1.0,2,5.0
1673,Arjun Yadav,IT,2023-05-24,5.0,1,
1674,Nisha Saxena,Finance,2022-04-22,1.0,4,4.0
1675,Aditya Malhotra,Marketing,2026-12-26,2.0,2,3.0
1676,Karan Chopra,Marketing,2023-11-20,3.0,3,5.0
1677,Kirti Yadav,Operations,2025-10-25,5.0,5,2.0
1678,Sakshi Reddy,IT,2021-04-11,4.0,3,5.0
1679,Vivaan Kapoor,Sales,2024-12-30,5.0,5,5.0
1680,Aarav Chopra,IT,2023-08-23,,4,3.0
1681,Ashok Verma,Research & Development,2021-04-03,1.0,2,4.0
1682,Varun Patel,Marketing,2021-01-28,2.0,2,3.0
1683,Rahul Patel,Sales,2026-06-29,3.0,4,5.0
1684,Isha Agarwal,Customer Support,2026-12-02,4.0,4,
1685,Deepak Tiwari,Research & Development,2022-10-19,1.0,2,5.0
1686,Meera Verma,IT,2025-06-18,1.0,2,
1687,Vikram Saxena,Finance,2023-11-02,5.0,5,5.0
1688,Vikram Chopra,IT,2021-06-11,5.0,4,2.0
1689,Preeti Tiwari,Finance,2026-01-14,1.0,1,1.0
1690,Kirti Saxena,IT,2024-09-02,,3,5.0
1691,Ananya Tiwari,Finance,2025-01-28,1.0,1,
1692,Ashok Bansal,Human Resources,2021-02-22,4.0,2,2.0
1693,Rajesh Patel,IT,2024-08-12,1.0,1,2.0
1694,Kirti Gupta,Sales,2026-02-15,2.0,3,3.0
1695,Kavya Gupta,Customer Support,2026-04-15,4.0,3,4.0
1696,Sanjay Mehta,Marketing,2024-02-15,2.0,3,1.0
1697,Riya Bansal,Sales,2026-03-17,1.0,1,4.0
1698,Kirti Patel,Sales,2022-02-13,5.0,3,3.0
1699,Anjali Sharma,Human Resources,2025-08-19,1.0,2,3.0
1700,Preeti Kapoor,Sales,2026-02-11,1.0,4,5.0
1701,Gaurav Nair,Operations,2024-09-12,,2,1.0
1702,Sakshi Verma,Customer Support,2026-03-12,3.0,4,4.0
1703,Amit Patel,Finance,2026-09-10,3.0,1,5.0
1704,Isha Singh,Customer Support,2024-12-15,3.0,5,
1705,Vivaan Patel,Research & Development,2023-07-05,2.0,1,5.0
1706,Kirti Gupta,Marketing,2026-03-19,5.0,1,3.0
1707,Vikram Singh,Human Resources,2023-04-21,3.0,2,2.0
1708,Amit Chopra,Research & Development,2026-10-07,5.0,2,4.0
1709,Amit Mehta,IT,2026-07-24,5.0,3,
1710,Ananya Rao,Operations,2026-10-28,2.0,3,4.0
1711,Rajesh Patel,Research & Development,2026-09-29,5.0,4,5.0
1712,Siddharth Rao,IT,2026-03-30,1.0,4,3.0
1713,Gaurav Singh,Marketing,2024-06-22,4.0,3,3.0
1714,Aditya Joshi,IT,2023-08-10,4.0,3,3.0
1715,Aarav Verma,Customer Support,2026-10-14,2.0,3,5.0
1716,Sunita Nair,Research & Development,2026-05-08,3.0,5,5.0
1717,Sunita Sharma,Human Resources,2026-03-24,4.0,4,1.0
1718,Kirti Mehta,Sales,2022-10-04,4.0,2,2.0
1719,Rajesh Verma,IT,2021-02-25,2.0,2,5.0
1720,Kavya Iyer,Marketing,2024-09-26,4.0,1,5.0
1721,Aarav Bansal,Finance,2025-05-28,2.0,3,2.0
1722,Rohan Singh,Sales,2024-04-11,2.0,4,4.0
1723,Kavita Kumar,Human Resources,2025-01-02,3.0,3,5.0
1724,Nisha Patel,Marketing,2026-04-10,3.0,4,3.0
1725,Vikram Verma,Marketing,2024-08-23,2.0,1,1.0
1726,Rajesh Agarwal,Human Resources,2024-04-27,2.0,3,1.0
1727,Nisha Patel,Finance,2023-11-18,5.0,3,2.0
1728,Ananya Yadav,Sales,2026-08-04,2.0,4,
1729,Karan Rao,Sales,2025-10-04,5.0,5,2.0
1730,Rahul Malhotra,Research & Development,2025-12-25,2.0,3,2.0
1731,Sakshi Joshi,Sales,2022-03-18,,2,1.0
1732,Swati Iyer,Marketing,2021-05-16,1.0,4,2.0
1733,Rohan Iyer,Operations,2025-04-16,5.0,2,2.0
1734,Anil Iyer,IT,2026-05-22,2.0,1,3.0
1735,Aditya Joshi,Marketing,2024-02-20,2.0,2,4.0
1736,Riya Agarwal,Finance,2026-07-05,1.0,5,5.0
1737,Nikhil Reddy,Research & Development,2024-04-07,2.0,3,5.0
1738,Rohan Patel,Marketing,2024-01-14,4.0,4,5.0
1739,Manish Sharma,Marketing,2024-11-04,4.0,2,3.0
1740,Manish Reddy,Research & Development,2021-08-05,3.0,4,4.0
1741,Rajesh Iyer,Customer Support,2026-02-02,2.0,2,5.0
1742,Rohan Chopra,Research & Development,2026-07-12,1.0,1,1.0
1743,Ashok Reddy,Finance,2025-07-03,,4,2.0
1744,Aarav Singh,IT,2024-01-12,5.0,1,2.0
1745,Sakshi Tiwari,Operations,2023-12-08,,5,5.0
1746,Sanjay Sharma,Finance,2022-02-25,5.0,3,4.0
1747,Deepak Malhotra,Sales,2021-08-13,1.0,4,1.0
1748,Priya Joshi,Operations,2025-03-08,1.0,4,2.0
1749,Rohan Saxena,Customer Support,2021-01-03,1.0,1,1.0
1750,Ananya Sharma,Research & Development,2025-01-23,,1,1.0
1751,Aarav Gupta,Operations,2026-04-12,1.0,3,2.0
1752,Amit Nair,Sales,2026-01-23,5.0,3,5.0
1753,Sunita Verma,Research & Development,2023-07-31,1.0,4,2.0
1754,Pooja Kapoor,Human Resources,2026-12-26,4.0,1,5.0
1755,Neha Saxena,Finance,2021-11-19,5.0,3,4.0
1756,Pooja Chopra,Customer Support,2025-12-25,4.0,3,1.0
1757,Isha Tiwari,IT,2025-12-13,2.0,5,2.0
1758,Priya Bansal,Operations,2021-08-21,1.0,5,1.0
1759,Suresh Mehta,Research & Development,2025-10-04,1.0,5,3.0
1760,Kirti Chopra,Customer Support,2023-05-09,3.0,1,4.0
1761,Sakshi Nair,Finance,2026-12-19,4.0,1,2.0
1762,Nisha Chopra,Customer Support,2026-10-19,3.0,4,2.0
1763,Ritu Bansal,Research & Development,2026-02-10,1.0,1,5.0
1764,Sunita Chopra,IT,2024-10-08,3.0,5,4.0
1765,Isha Iyer,Research & Development,2023-01-12,3.0,4,2.0
1766,Isha Mehta,Operations,2026-02-07,4.0,5,5.0
1767,Sunita Saxena,IT,2025-11-17,2.0,2,1.0
1768,Arjun Agarwal,IT,2024-04-21,3.0,4,5.0
1769,Rahul Malhotra,Customer Support,2025-09-12,1.0,3,
1770,Preeti Verma,Research & Development,2024-05-11,1.0,2,2.0
1771,Nisha Saxena,Customer Support,2026-02-14,5.0,3,2.0
1772,Sanjay Yadav,Human Resources,2023-02-01,5.0,5,4.0
1773,Rajesh Mehta,Human Resources,2026-09-23,3.0,3,3.0
1774,Sneha Malhotra,Customer Support,2026-11-14,3.0,5,2.0
1775,Vikram Reddy,Human Resources,2024-06-24,5.0,2,5.0
1776,Deepak Patel,Research & Development,2026-01-14,5.0,1,5.0
1777,Sunita Saxena,Marketing,2026-05-23,4.0,5,2.0
1778,Isha Patel,Research & Development,2023-09-24,2.0,2,4.0
1779,Rajesh Saxena,Finance,2025-02-17,3.0,4,3.0
1780,Karan Kapoor,Customer Support,2022-06-13,3.0,4,2.0
1781,Vikram Kumar,Sales,2026-12-14,,3,3.0
1782,Ritu Joshi,Research & Development,2026-01-10,2.0,1,3.0
1783,Pooja Kapoor,Human Resources,2025-09-22,5.0,3,1.0
1784,Aarav Yadav,Marketing,2024-11-07,4.0,4,4.0
1785,Kavita Kapoor,Research & Development,2026-03-21,3.0,4,3.0
1786,Arjun Yadav,Marketing,2023-09-07,1.0,5,4.0
1787,Priya Saxena,Operations,2024-08-16,4.0,2,4.0
1788,Gaurav Yadav,IT,2023-10-01,1.0,5,1.0
1789,Amit Gupta,Research & Development,2026-08-29,1.0,4,2.0
1790,Manish Iyer,Research & Development,2026-09-27,2.0,4,4.0
1791,Swati Tiwari,Customer Support,2025-02-16,3.0,4,3.0
1792,Aarav Saxena,Sales,2026-07-20,5.0,3,3.0
1793,Nisha Singh,Research & Development,2026-12-10,3.0,5,1.0
1794,Swati Rao,Marketing,2021-10-02,1.0,5,3.0
1795,Arjun Yadav,Operations,2024-04-26,,3,3.0
1796,Vivaan Singh,Sales,2025-11-23,1.0,2,2.0
1797,Kirti Sharma,IT,2024-07-22,1.0,5,2.0
1798,Pooja Malhotra,Operations,2026-05-14,1.0,5,3.0
1799,Kirti Tiwari,Human Resources,2026-08-20,3.0,3,2.0
1800,Rohan Nair,Human Resources,2026-07-15,4.0,2,4.0
1801,Ritu Sharma,Human Resources,2023-07-06,1.0,1,2.0
1802,Manish Bansal,IT,2022-10-29,3.0,5,3.0
1803,Preeti Agarwal,Research & Development,2022-10-09,4.0,2,3.0
1804,Preeti Iyer,Research & Development,2023-04-28,1.0,1,2.0
1805,Sakshi Chopra,Operations,2025-06-22,2.0,4,4.0
1806,Rohan Agarwal,Marketing,2023-10-17,2.0,3,
1807,Sanjay Gupta,Marketing,2026-07-25,5.0,4,4.0
1808,Preeti Agarwal,Human Resources,2026-07-31,2.0,5,1.0
1809,Swati Gupta,Research & Development,2025-12-06,,1,1.0
1810,Anil Chopra,Finance,2025-06-14,3.0,4,5.0
1811,Anjali Verma,Human Resources,2021-07-18,1.0,5,1.0
1812,Riya Malhotra,IT,2026-11-26,3.0,5,4.0
1813,Sunita Chopra,Finance,2024-10-04,5.0,5,2.0
1814,Sneha Reddy,Sales,2026-11-19,1.0,3,4.0
1815,Rohan Malhotra,Research & Development,2026-06-27,4.0,2,5.0
1816,Vivaan Joshi,Finance,2025-12-04,,3,2.0
1817,Amit Kapoor,Research & Development,2026-05-19,3.0,3,3.0
1818,Deepak Saxena,IT,2026-10-04,4.0,3,1.0
1819,Anjali Kumar,Marketing,2024-06-30,3.0,2,5.0
1820,Isha Bansal,Research & Development,2025-04-11,4.0,1,1.0
1821,Aarav Chopra,Marketing,2025-04-05,2.0,5,5.0
1822,Manish Joshi,Research & Development,2024-07-13,3.0,3,3.0
1823,Rajesh Iyer,Human Resources,2025-08-22,2.0,2,1.0
1824,Nikhil Singh,Finance,2025-03-22,4.0,5,2.0
1825,Siddharth Iyer,Marketing,2025-12-28,3.0,2,1.0
1826,Aditya Sharma,Research & Development,2022-04-10,,1,
1827,Suresh Chopra,Human Resources,2021-03-20,4.0,2,3.0
1828,Aarav Sharma,Marketing,2026-06-18,,5,4.0
1829,Divya Gupta,Human Resources,2025-10-19,3.0,5,5.0
1830,Ananya Agarwal,Sales,2026-05-04,3.0,3,1.0
1831,Nikhil Agarwal,Customer Support,2026-01-05,4.0,2,1.0
1832,Nisha Agarwal,Research & Development,2024-07-30,3.0,5,3.0
1833,Shreya Chopra,Research & Development,2022-01-09,2.0,1,5.0
1834,Ananya Nair,IT,2022-02-28,1.0,2,4.0
1835,Aarav Gupta,Operations,2024-12-07,3.0,2,2.0
1836,Karan Nair,Customer Support,2026-12-31,2.0,4,4.0
1837,Priya Yadav,Research & Development,2026-04-04,5.0,1,1.0
1838,Kirti Mehta,Sales,2026-08-30,3.0,2,1.0
1839,Meera Kumar,Finance,2026-10-16,3.0,5,4.0
1840,Vikram Joshi,Operations,2025-08-03,4.0,4,5.0
1841,Ananya Malhotra,Customer Support,2025-08-06,2.0,3,3.0
1842,Anjali Verma,Customer Support,2021-03-28,2.0,4,
1843,Nikhil Rao,Sales,2026-09-29,2.0,4,1.0
1844,Rohan Chopra,IT,2026-08-29,1.0,3,5.0
1845,Vivaan Mehta,Human Resources,2025-06-06,4.0,3,3.0
1846,Kirti Joshi,Sales,2024-02-06,2.0,1,4.0
1847,Ananya Agarwal,Finance,2025-06-15,,5,4.0
1848,Neha Verma,Sales,2023-11-14,1.0,3,4.0
1849,Kavya Reddy,Marketing,2021-05-16,3.0,4,2.0
1850,Nikhil Reddy,Operations,2025-11-08,1.0,5,2.0
1851,Gaurav Verma,Operations,2025-07-30,3.0,5,2.0
1852,Anjali Kapoor,IT,2023-11-23,2.0,2,4.0
1853,Deepak Joshi,IT,2026-10-30,5.0,2,4.0
1854,Aditya Yadav,Research & Development,2023-08-13,3.0,2,2.0
1855,Kirti Kapoor,Customer Support,2025-12-31,2.0,1,1.0
1856,Isha Agarwal,Finance,2026-11-16,1.0,3,2.0
1857,Riya Kumar,Human Resources,2026-06-28,3.0,5,2.0
1858,Aditya Iyer,IT,2021-05-04,4.0,3,2.0
1859,Vikram Gupta,Sales,2025-10-22,2.0,5,4.0
1860,Neha Yadav,Operations,2026-02-15,5.0,5,
1861,Kavya Gupta,Operations,2026-09-20,,3,2.0
1862,Isha Kapoor,Marketing,2026-12-19,4.0,4,3.0
1863,Varun Bansal,Human Resources,2021-12-31,2.0,1,3.0
1864,Suresh Verma,IT,2026-04-08,5.0,4,3.0
1865,Sunita Tiwari,Finance,2025-06-29,2.0,2,3.0
1866,Neha Malhotra,Marketing,2025-08-26,4.0,2,5.0
1867,Sunita Rao,Customer Support,2026-04-09,4.0,1,3.0
1868,Karan Malhotra,Human Resources,2025-05-19,2.0,4,2.0
1869,Isha Kumar,Human Resources,2021-09-25,4.0,4,2.0
1870,Nikhil Reddy,Research & Development,2026-01-07,2.0,5,3.0
1871,Suresh Kumar,Customer Support,2025-02-07,2.0,5,4.0
1872,Aditya Malhotra,Sales,2024-01-19,1.0,4,4.0
1873,Isha Sharma,Research & Development,2024-08-26,5.0,2,5.0
1874,Siddharth Yadav,Research & Development,2026-08-21,,2,5.0
1875,Ananya Agarwal,Research & Development,2025-07-10,3.0,5,3.0
1876,Varun Saxena,Research & Development,2025-05-17,2.0,3,5.0
1877,Vikram Patel,Sales,2024-09-13,2.0,2,5.0
1878,Riya Joshi,Sales,2023-08-22,2.0,5,3.0
1879,Pooja Saxena,IT,2024-09-14,,3,
1880,Divya Tiwari,Human Resources,2026-02-26,2.0,4,3.0
1881,Aarav Bansal,Sales,2025-08-02,4.0,5,3.0
1882,Nisha Saxena,Customer Support,2025-03-08,3.0,2,2.0
1883,Preeti Malhotra,IT,2024-10-19,3.0,4,1.0
1884,Isha Iyer,Human Resources,2022-01-15,3.0,3,4.0
1885,Sunita Rao,Finance,2025-08-14,1.0,5,5.0
1886,Sneha Bansal,Marketing,2023-04-16,1.0,2,5.0
1887,Priya Patel,IT,2023-12-23,5.0,1,
1888,Kavita Malhotra,Marketing,2022-09-25,4.0,4,5.0
1889,Divya Tiwari,Customer Support,2025-05-10,2.0,5,2.0
1890,Gaurav Saxena,Finance,2021-09-17,1.0,5,1.0
1891,Meera Mehta,Customer Support,2023-08-01,1.0,5,2.0
1892,Vikram Singh,Marketing,2026-09-12,2.0,4,2.0
1893,Preeti Rao,Marketing,2025-07-16,1.0,5,4.0
1894,Shreya Patel,Finance,2021-09-24,3.0,2,3.0
1895,Gaurav Nair,Operations,2025-07-17,2.0,3,1.0
1896,Karan Patel,Finance,2025-07-26,5.0,1,3.0
1897,Arjun Reddy,Sales,2025-07-13,3.0,1,
1898,Sneha Verma,Research & Development,2023-06-22,3.0,5,4.0
1899,Varun Rao,Customer Support,2025-12-20,1.0,4,3.0
1900,Preeti Kapoor,Human Resources,2025-07-22,3.0,4,5.0
1901,Meera Sharma,IT,2025-06-30,3.0,1,5.0
1902,Preeti Agarwal,Human Resources,2026-01-01,2.0,4,4.0
1903,Kirti Gupta,Sales,2025-06-23,1.0,4,4.0
1904,Karan Mehta,Human Resources,2025-06-27,2.0,5,5.0
1905,Sanjay Nair,Marketing,2026-07-30,,2,3.0
1906,Isha Verma,Human Resources,2024-01-26,1.0,2,2.0
1907,Sanjay Gupta,Sales,2021-01-03,3.0,5,4.0
1908,Shreya Mehta,Operations,2022-09-08,2.0,1,1.0
1909,Shreya Patel,Finance,2022-09-04,5.0,2,5.0
1910,Pooja Saxena,Operations,2021-12-15,2.0,2,
1911,Swati Tiwari,IT,2026-06-12,3.0,5,5.0
1912,Meera Kapoor,Operations,2026-10-19,4.0,1,5.0
1913,Deepak Reddy,Finance,2026-03-13,3.0,5,4.0
1914,Siddharth Gupta,IT,2026-12-24,4.0,2,3.0
1915,Kavya Bansal,Sales,2023-04-10,3.0,3,2.0
